<application>
  <component name="NodeJsLocalInterpreters">
    <local-interpreter path="/usr/bin/node" />
  </component>
  <component name="PropertiesComponent">
    <property name="CommitChangeListDialog.DETAILS_SPLITTER_PROPORTION_2" value="0.45321992" />
    <property name="Darcula.SavedEditorTheme" value="_@user_Darcula" />
    <property name="Default.SavedEditorTheme" value="_@user_Default" />
    <property name="ExpandBeforeRunStepsPanel" value="true" />
    <property name="ExpandRunDashboardTypesPanel" value="false" />
    <property name="InstalledPluginsSearchHistory" value="termi" />
    <property name="KEYMAP" value="copy&#10;class" />
    <property name="PluginConfigurable.selectionTab" value="1" />
    <property name="SettingsSearchHistory" value="expo&#10;plugin&#10;javascript&#10;indent&#10;scroll" />
    <property name="TrendingPluginsSearchHistory" value="python&#10;nodejs&#10;terminal&#10;cython&#10;findbug" />
    <property name="Vcs.Log.Text.Filter.History" value="default" />
    <property name="com.intellij.history.integration.ui.views.DirectoryHistoryDialog.0" value="300" />
    <property name="defaultJdkConfigured" value="true" />
    <property name="evlsprt3.183" value="13" />
    <property name="file.chooser.recent.files" value="$USER_HOME$/src/luminoth-example&#10;/home/vackosar/src/til/core&#10;/home/vackosar/src/vackosar.github.io&#10;/home/vackosar/tsk&#10;/home/vackosar/src/til/pipeline&#10;/home/vackosar/src/kaggle-learntools&#10;/home/vackosar/src/fasttext-experiment&#10;/home/vackosar/src/campaign-oraculum/application/seasonality/test_integration_test.py&#10;/home/vackosar/src/campaign-oraculum&#10;/usr/lib/jvm/java-8-openjdk-amd64&#10;/home/vackosar/tsk/idea-settings.zip&#10;/home/vackosar/src/spline" />
    <property name="file.gist.reindex.count" value="50871" />
    <property name="fileTypeChangedCounter" value="3" />
    <property name="ideavim.statistics.timestamp" value="1551612662651" />
    <property name="installed.kotlin.plugin.version" value="1.3.11-release-IJ2018.3-1" />
    <property name="js.overrides.completion" value="true" />
    <property name="js.var.names.completion" value="false" />
    <property name="lastTip" value="1" />
    <property name="project.wizard.group" value="PYTHON_MODULE" />
    <property name="python.app.engine.sdk.path" value="" />
    <property name="scala.last.updated" value="1549453739495" />
    <property name="selected.color.option.type" value="PY.KEYWORD" />
    <property name="ts.lib.d.ts.version" value="3.2.1" />
  </component>
  <component name="PyTestFrameworkService">
    <option name="SDK_TO_PYTEST">
      <map>
        <entry key="$USER_HOME$/.virtualenvs/til/core/bin/python" value="false" />
        <entry key="$USER_HOME$/src/campaign-oraculum/venv/bin/python" value="false" />
        <entry key="$USER_HOME$/src/luminoth-example/venv/bin/python" value="false" />
      </map>
    </option>
  </component>
</application>