<application>
  <component name="UISettings">
    <option name="CONSOLE_COMMAND_HISTORY_LIMIT" value="1000" />
    <option name="CONSOLE_CYCLE_BUFFER_SIZE_KB" value="9999" />
    <option name="FONT_FACE" value="OCRACondensed" />
    <option name="FONT_SCALE" value="1.0" />
    <option name="FONT_SIZE" value="10" />
    <option name="OVERRIDE_CONSOLE_CYCLE_BUFFER_SIZE" value="true" />
    <option name="OVERRIDE_NONIDEA_LAF_FONTS" value="true" />
    <option name="SHOW_MEMORY_INDICATOR" value="true" />
    <option name="smoothScrolling" value="true" />
  </component>
</application>